{"cameraMode":{"drawMode":0,"name":"Shaded","section":"Shading Mode"},"sceneLighting":false,"audioPlay":false,"sceneViewState":{"m_AlwaysRefresh":false,"showFog":true,"showSkybox":false,"showFlares":true,"showImageEffects":true,"showParticleSystems":true,"showVisualEffectGraphs":true,"m_FxEnabled":true},"in2DMode":false,"pivot":{"x":5.329999923706055,"y":-0.3140000104904175,"z":1.7999999523162842},"rotation":{"x":-0.16137537360191346,"y":-0.0990084707736969,"z":0.016275469213724138,"w":-0.9818000793457031},"size":1.0643434524536133,"orthographic":false}