{"cameraMode":{"drawMode":0,"name":"Shaded","section":"Shading Mode"},"sceneLighting":true,"audioPlay":false,"sceneViewState":{"m_AlwaysRefresh":false,"showFog":true,"showSkybox":true,"showFlares":true,"showImageEffects":true,"showParticleSystems":true,"showVisualEffectGraphs":true,"m_FxEnabled":true},"in2DMode":false,"pivot":{"x":0.0599324069917202,"y":7.395287036895752,"z":-13.079185485839844},"rotation":{"x":0.48503610491752627,"y":-0.0015752107137814165,"z":0.0008743600337766111,"w":0.8745024800300598},"size":0.7022261619567871,"orthographic":false}